aa,metascore_WT,metascore_Y65D,metascore_Y75G,metascore_Y75P,metascore_Y75K
1,0.2556070221359823,0.25501572643982834,0.25547612135578435,0.2554475132220319,0.2547959100876216
2,0.2631034237292258,0.26327668829119133,0.2636437912504325,0.263644591437457,0.26287135504958326
3,0.2667446055569254,0.2672601542390023,0.2674453913043425,0.26751440763155204,0.26679667144785657
4,0.2673942838455603,0.2667807275123833,0.267015467031641,0.2669820225950236,0.26642110912234207
5,0.25903980293387835,0.2576557716262109,0.2579202474467272,0.25781495607262267,0.25735618023123
6,0.2550665224105408,0.2528211902171621,0.2529790943130117,0.2528233757145354,0.25251431513629274
7,0.26550578368442945,0.26321616449588586,0.26319697361601085,0.2630764587620356,0.2628069131650122
8,0.4035861158394971,0.40555369885273757,0.4055751825362812,0.40575100073116993,0.4052333450008757
9,0.5827202641324656,0.584327566450698,0.5843414714345365,0.5844486350650167,0.5841815494937446
10,0.6718408044027384,0.6730040087738629,0.6730165486913415,0.6730552342882409,0.6730217535592227
11,0.7089455656419974,0.7100557421543123,0.7100723654287163,0.7100739133452632,0.710074368291782
12,0.7322863072402289,0.733375911850107,0.7333854382261733,0.7333890920124482,0.7333915791519863
13,0.734800085762174,0.7358545703047041,0.7358678019787617,0.7358638170488333,0.735867409251119
14,0.7167414336867636,0.7178272238769968,0.7178264129220499,0.7178381023143152,0.7178254124590351
15,0.6701937514773856,0.6714452627452883,0.6714499096507383,0.6714788950323568,0.6713701998904301
16,0.60565167823658,0.6071201397927143,0.6071252513392059,0.6071854141983288,0.606951436411151
17,0.38356249975245615,0.3850484291581517,0.38505260293895915,0.38511607965197453,0.38486264760780703
18,0.3587379963862004,0.3601168796911883,0.3601204208863744,0.360161736987343,0.3599242694792955
19,0.33739039650466346,0.33868591039188267,0.3386936030546148,0.33871631926996043,0.33849067613525635
20,0.33189945392787246,0.33315144088425713,0.3331575059720334,0.3331567881439424,0.3329469866028396
21,0.3608502004378473,0.3620338722412112,0.3620469263009619,0.3620324521255033,0.36182163103386294
22,0.38598388452413157,0.3870768782702351,0.3870907438961853,0.38706817959066836,0.386867856520339
23,0.443604223975564,0.4445537897750099,0.44453185440467746,0.4445118775864324,0.44435020547257786
24,0.6232348235788226,0.6240944539360926,0.6240751876022074,0.6240384889836146,0.6239262870521854
25,0.6349189125155665,0.6357755496151403,0.6357557562656515,0.6357222112857907,0.6356080731271282
26,0.6230947296849316,0.6239566896072504,0.6239353196706119,0.6239241528286997,0.6237887424350481
27,0.593362054130088,0.5942755460215553,0.5942535957711168,0.5942444302194654,0.5940808580303243
28,0.5593540967377127,0.5603017515674237,0.5602812353161464,0.5602958476974514,0.5601046710732785
29,0.5213208109323546,0.5222612260262531,0.5222541962353272,0.5222722224265671,0.522059828801303
30,0.2753662389229595,0.2767135625591509,0.2766023708349196,0.2766779816683156,0.2762218955660246
31,0.22256861757959956,0.22363546963592046,0.22269749889606022,0.22267545624183993,0.22230069738648656
32,0.2035383329543221,0.20366429731127578,0.20112719250325378,0.20073744028896331,0.20102614208376715
33,0.20500105520297168,0.20556562296313477,0.20366953761037035,0.2034169953867267,0.20349222429910882
34,0.1997823042522517,0.20117404139755116,0.20117282867767242,0.20122322393136038,0.20084513185397998
35,0.2065225698512598,0.20731853398378527,0.20731514840881068,0.20733336401685853,0.2072588653602617
36,0.2003253183201287,0.20004535504070783,0.20002228321658758,0.2000088080297299,0.20007862692729642
37,0.2206962487218291,0.21992667782588352,0.21992797654715168,0.2198988807882837,0.2198411868698526
38,0.4380488546211037,0.43918324588697694,0.43922115998801564,0.4392798818583964,0.4387705971837772
39,0.4601771576080949,0.4615700959053555,0.46160971702538806,0.46172102009793353,0.46110676773192755
40,0.4912608194986184,0.4928605973322541,0.4928959253391002,0.4930307101173139,0.492399570666908
41,0.5122202625376148,0.5137437051418039,0.5137612063272123,0.5138994911470776,0.5133181351395908
42,0.5279998674667848,0.5294065104406128,0.5294232886048883,0.5295449023421515,0.5290119783276213
43,0.5221055424882795,0.5234442602154213,0.5234598684602125,0.5235647544221048,0.5230614158850401
44,0.5013879936370123,0.5027516012813226,0.5027731325714629,0.5028794801228827,0.5023738324490029
45,0.4833455182416658,0.48472073605948296,0.4847447504205357,0.48485974478599503,0.48432801326271346
46,0.46624313165232234,0.4676135090958725,0.46765348352085107,0.4677393197871602,0.46722096727028467
47,0.27813071045119264,0.2793739688255193,0.2794482661748902,0.27952984921402285,0.2789147634643566
48,0.2136358668733429,0.21369503245284585,0.21381695599544528,0.21374191137252363,0.2132061952413627
49,0.20478104660386737,0.2043647345092633,0.2044581250329877,0.20434912913797182,0.20389875460961515
50,0.1783248509339175,0.17640790771481127,0.17610283118568384,0.17611894431587258,0.17588515880731273
51,0.18104738565089692,0.18029706455447495,0.18002828341224225,0.18011853475490872,0.17976338591501598
52,0.18670007167627542,0.18602659178677305,0.18568382782079662,0.18577325236354775,0.18550337132514674
53,0.2948392390946644,0.2954983992695086,0.2955226525243974,0.29557982276779365,0.2950068335444723
54,0.2870658572973128,0.28783712940266953,0.28786633713508425,0.28791159577887576,0.28734994818432796
55,0.27474727534380494,0.27559697259077054,0.27563564435541615,0.275693112374844,0.2751025244061932
56,0.26050104371629657,0.2615019280389745,0.2616049508414092,0.26165351470814413,0.2610033624897649
57,0.24276253255590885,0.24407191404363163,0.244182463479258,0.24431513769583454,0.24355651915552445
58,0.20696496610555526,0.20768702933542393,0.20780921423211385,0.20791366949186774,0.20710801154209735
59,0.10260202110601012,0.1000838549982264,0.09977946300926312,0.09974698557588782,0.0994994582604288
60,0.10710309731677145,0.10372486688197707,0.1034675455799764,0.1033594476735793,0.10317651951170823
61,0.12955485228844402,0.11852867511209095,0.1205199483208976,0.11608216976635384,0.11851756024132948
62,0.15563132377439984,0.13486623634242245,0.1390150276276365,0.12892010188236483,0.1354029952263422
63,0.17308524088229457,0.149447586522236,0.15493168325022594,0.13952098993493928,0.1502711770787151
64,0.18963975893800072,0.16201432711025293,0.16794810354255602,0.14754599783572464,0.16316398542260252
65,0.2019534401958732,0.16900527654131914,0.1752431056881803,0.14953213471449275,0.17044313058514807
66,0.23036097629334354,0.19368281582512398,0.20209541289425123,0.17044750032926154,0.19570920119681015
67,0.26779387648619024,0.22636102936056215,0.23729986289499502,0.19947016612349347,0.22897356868181623
68,0.3147793191432984,0.26368390960644317,0.2779568377518387,0.234682052294961,0.26718027973763897
69,0.3371965906052634,0.2843014181783888,0.3003310964533885,0.2550128681023715,0.28821359036271227
70,0.48406580170552244,0.31372869985769347,0.32934669672004735,0.2820291922493353,0.31645039951748455
71,0.5231857328506849,0.3438567397345873,0.3606258689939395,0.3112411307666143,0.34410134100521644
72,0.5738184721079821,0.3563597756893562,0.37352049866926934,0.32265865193944926,0.3587532326061364
73,0.7874017734831866,0.3538483407675616,0.37347526570587847,0.32315916367237535,0.35741634456632554
74,0.842068425740428,0.4135810151852962,0.48918190694208913,0.3243301665413081,0.35965091731183024
75,0.8543102820707494,0.4063130963713362,0.48424122435500394,0.28503673217675063,0.34968369204875344
76,0.8453335739239937,0.4875317723699694,0.5098631622598172,0.43020491884920475,0.4897908519328496
77,0.8372087975984128,0.49202821621008924,0.512185682805979,0.44163142103406167,0.4960205271733759
78,0.8127594158658161,0.47946935079721437,0.5024777372224943,0.43591773029065106,0.4852600472069745
79,0.7948860864617812,0.47606993945266063,0.4979670837107356,0.43535672356169225,0.4812461915107112
80,0.7650074856978003,0.4670982974435807,0.48642060274962867,0.42946104125014606,0.4701229818258779
81,0.7101612976090674,0.4484145908037861,0.4650365239584053,0.4182387265672669,0.45444429448551993
82,0.2819777529695815,0.25841824838519106,0.2702156783187256,0.25206265205559664,0.26264528419803784
83,0.2738782401456842,0.2575117275161516,0.2681752729000387,0.2527236530492375,0.2606809605348768
84,0.26429096771570115,0.25125639577599984,0.26023576093636264,0.2471865892230728,0.25389688822742973
85,0.2641211071102514,0.25464459746169965,0.2620411110709786,0.2512917436220174,0.2567031019407418
86,0.2574746063327504,0.2501002133147077,0.25610001774035995,0.24752365611385915,0.25181641062442167
87,0.2556430038241998,0.24958745664001938,0.2541417979391845,0.24792641749679573,0.25109802806750364
88,0.24018315230967585,0.23608795393405083,0.23904117672232247,0.23518541704033852,0.23750038554557654
89,0.22790204717035653,0.2253016813532374,0.22644357745243204,0.2248468011210887,0.2261153883670291
90,0.19058776178735728,0.18880411597716412,0.18914478328743514,0.1886997050668617,0.18938904132457263
91,0.17917431646859439,0.17888523773421144,0.17888298147261222,0.17897889335761946,0.17871445100384548
92,0.17168059368700742,0.1714533771771323,0.1715157399592804,0.17149945901716426,0.171605263023741
93,0.1766901136489027,0.17640081279210088,0.17644319387429847,0.17646584706584978,0.17611243962824835
94,0.19154482814063203,0.1917042693987991,0.19172408693262105,0.1917826768616462,0.1913211856761061
95,0.1925966898746294,0.19278876762713282,0.19281554533225603,0.19286718856027796,0.1924281941611628
96,0.19999759950209176,0.2002592427689815,0.20029051219664493,0.20032366080667882,0.1999022214906833
97,0.1962005499731575,0.19655235573549465,0.19658254003314743,0.1966278861641547,0.19615992593055084
98,0.19300237783730986,0.1933587639052661,0.19341315994775574,0.1934640818605046,0.1929648236586873
99,0.1904357739107567,0.19100014603403953,0.19104347867808377,0.19112418469675493,0.19059706070493246
100,0.19270732411170854,0.19334223109185997,0.1933831862474947,0.19346818860668136,0.19293469098732544
101,0.19294974005320153,0.19365963375527115,0.1937001181022273,0.19378412320623517,0.19323403886567606
102,0.16352975201102038,0.16410416736292632,0.16417354822704486,0.16423965868934193,0.16364900427338322
103,0.1455595179523829,0.14672594044153944,0.14676104191462933,0.14691198336451114,0.14617635550140953
104,0.10617074801432164,0.10698091250852279,0.10708220336792193,0.10723229135830019,0.10636245897002497
105,0.1131563428161135,0.11389145527201107,0.11393749016595377,0.1140834920560585,0.11317594190541862
106,0.11112506553325271,0.11185486521419696,0.11179837619904305,0.11190200310460362,0.1110945569132609
107,0.09446567049546678,0.09438730114721108,0.09412108381207439,0.0942185139614701,0.09361811011577445
108,0.09392428979025365,0.09375126826894238,0.09348817203931754,0.09358389878361509,0.09300947785174213
109,0.09289703045788081,0.09207629638396991,0.09159919585258505,0.09170447890580163,0.09129465257582725
110,0.09447001033708696,0.09354386883059017,0.09309418852517788,0.09318457814791606,0.092885574824816
111,0.10263479271031949,0.10012720216926027,0.09935604271339334,0.09937305448056793,0.10016076111599079
112,0.11257099564518597,0.11088516902339508,0.11047837385735744,0.11046007233311529,0.1108888785476136
113,0.1361829987382806,0.1349946288424753,0.13471498138340565,0.13473478215105175,0.13531989922263976
114,0.1573622004833875,0.15635836965149627,0.15617491405525336,0.15617034126470786,0.15644533333588678
115,0.17683658348400955,0.17563268161317017,0.17535505217143438,0.17537771986169579,0.17550347322403895
116,0.19633133363778713,0.1951205251677634,0.19507326272742379,0.1950484966738329,0.1950355639043302
117,0.20750860686149347,0.20614562928670108,0.20606283961559868,0.2060182189888452,0.20596804986742587
118,0.21906044119776155,0.21718484659178403,0.2172236559243318,0.21708735961433026,0.21710216904863705
119,0.218860317576027,0.21696103034629446,0.21706074412694287,0.21692114570496265,0.21692319328109935
120,0.2119134549801453,0.20941933151940584,0.20959324155288456,0.20946838480258162,0.20941842122470972
121,0.20404234152716236,0.20104909213055078,0.20127167009007052,0.20114470078134802,0.2011063291292518
122,0.19923820820519808,0.19624419885220606,0.19649591745643635,0.19634160627398198,0.19633560842384237
123,0.1892976715001258,0.18612305965897866,0.18639973354066205,0.1862119435674751,0.18623363933791653
124,0.17814118758570507,0.17463569345880411,0.17490628810800382,0.17465855380345874,0.1747348456516406
125,0.17515722181352616,0.16992958721609785,0.1702546707994177,0.16978381646044102,0.17017893110590085
126,0.19056479965644912,0.18525352523339325,0.18519425141770435,0.18472665138312913,0.1854479425418781
127,0.2204297553350458,0.2158813558921186,0.215614418832455,0.21513861622595065,0.21621693956476318
128,0.2617780302240411,0.2603394627975152,0.2603017017284085,0.26016184226118605,0.2601227210277635
129,0.320007438207586,0.31946599195404607,0.3195053480255874,0.3193900528098806,0.31916635562700446
130,0.3420777449107132,0.341587593835704,0.3416913783913742,0.34152893081821123,0.3413157794673977
131,0.35161620834451784,0.351105265464343,0.3511905935795043,0.3510224819100548,0.35082250407152377
132,0.35391694305056254,0.3534536344884065,0.35355276207791186,0.3533747872138141,0.3531615256272682
133,0.3521306166975624,0.3511115135596106,0.35120951510100423,0.3511108282759866,0.3508210775345864
134,0.3481906741352125,0.346869230408393,0.34697069015238735,0.34688961749625363,0.34658785029007283
135,0.29637521086661456,0.29503761447754345,0.2951138529580059,0.2949523775642592,0.2947459656493619
136,0.2879606129475961,0.2875550811314538,0.28734300508273436,0.28712384340633434,0.28703397588249185
