aa,metascore_WT,metascore_V128D,metascore_V128G,metascore_V128P,metascore_V128K
1,0.18620063500009065,0.18867889454058526,0.18866635634102405,0.1887844042522256,0.18877910562798003
2,0.1841114887595545,0.18659442947613403,0.18658094942546094,0.1866922588889788,0.18671226202749402
3,0.18998367823802997,0.192639090562227,0.19262221514034042,0.19272229989513345,0.19274509631470207
4,0.20515324106687008,0.20778934556199546,0.20777492842474243,0.20785941553722642,0.20787533347294038
5,0.2233335833055816,0.22561366369396232,0.22561009962278986,0.2256629301661346,0.22566530816416946
6,0.261374496401546,0.26347909163235156,0.2634835768991633,0.2635213028555495,0.26350328243942794
7,0.26265063543612177,0.26467467457662164,0.2646842050540322,0.2646755631399429,0.26468883772259183
8,0.2673794372918381,0.2693028665474807,0.2693175771964123,0.2692596189837462,0.26929701146884033
9,0.2677393762172399,0.26956164738987687,0.26958025780708816,0.2695307949322304,0.2695564164550893
10,0.2597601307447343,0.26174431641088824,0.261737822990584,0.26165312444617567,0.2617070267683211
11,0.2391801011213871,0.24141248486974454,0.24141067474506894,0.24130321713375966,0.24137302999033028
12,0.23382350586797085,0.23621489864022605,0.2361961330508261,0.23609965710158268,0.23617989695247923
13,0.23369158493573355,0.23609207844009195,0.2360795020647961,0.2359263915434871,0.23601913789879625
14,0.23571158897945094,0.23813804893648935,0.2381114503666461,0.23792470787980266,0.2380434831192104
15,0.2442764540683736,0.2466067537413972,0.24658836485095534,0.24634686752262194,0.24649266577465595
16,0.2556239887392398,0.2577516918776181,0.2577665784517511,0.25746180029348126,0.2576256862911242
17,0.2691955746360241,0.2714620994591955,0.27146276459758306,0.27116857915353226,0.27134689125756173
18,0.28881355029240985,0.291300438721009,0.29127874817426674,0.29099390980781414,0.2911876879847714
19,0.2861817468754271,0.2888640039792681,0.2888176042496955,0.2885314234128446,0.288744560958354
20,0.287909815862543,0.29062826570126016,0.2905694203000753,0.29028747955258727,0.290505927121444
21,0.28704213583153604,0.2897531661458466,0.2896857301039826,0.28938731081620006,0.28960974022924696
22,0.24731099605482812,0.24987785672814183,0.2498050287752557,0.24948346670963964,0.24970387170130665
23,0.24476235358390042,0.24719120636840897,0.24711851420606248,0.24678172008955193,0.246998015895826
24,0.2516226474462097,0.2540029084159789,0.2539008405049575,0.2535555921009647,0.25379173917879805
25,0.2644794246188417,0.2667559918342625,0.2666614664409609,0.26628146706128264,0.26653438914089134
26,0.2637181796573906,0.26595956591506936,0.26585901804651124,0.26546881947263273,0.26572181131665695
27,0.2942648566001379,0.29641358405617624,0.2963142755914083,0.29591499930611276,0.2961599073305554
28,0.3672143851457838,0.36929790313862276,0.3692180579048645,0.36879190409539886,0.36905408740070594
29,0.38012512457296266,0.3822651167279058,0.38215602537926835,0.38174157579018597,0.38204355030752984
30,0.3753510045476128,0.3774653204825561,0.377327348004122,0.3769001736312807,0.3772286290896128
31,0.3693185556149545,0.37144181710948826,0.3713046197089558,0.37087843958827305,0.3711977805668954
32,0.3661720492641246,0.36822522220697523,0.36808274380759076,0.3676573076772012,0.36797645642349364
33,0.36369903767943373,0.3656884373303844,0.3655508002604702,0.36511858751104653,0.36542449797466253
34,0.2460841056947435,0.2480481113273358,0.24792214445554858,0.24750169116873563,0.24779538317535596
35,0.22487189731890359,0.2267338223652404,0.22659666177736087,0.22618238128720852,0.22647133759883012
36,0.21195064278063028,0.21379466479472337,0.213661111303437,0.2132614418095032,0.21353098074647503
37,0.18625873858617967,0.18804313517814555,0.1878822480588312,0.1875060011856645,0.18777439417033748
38,0.17646704685510484,0.17823230304421947,0.17806461927264278,0.17769154105654134,0.1779531323360381
39,0.1483246940932741,0.14999557789525236,0.1498236053353992,0.14944868600832542,0.1497052833900921
40,0.14397720458416988,0.14559779186759714,0.14543213846809627,0.1450479511386539,0.1453090566071931
41,0.13781749186489373,0.1393475697623185,0.13918054696010407,0.13880358719664965,0.13906278900648505
42,0.13389593402342473,0.1353672684681041,0.13520401220391118,0.1348539881185278,0.13510391479340458
43,0.12777177551297503,0.12911840258195958,0.12895190160801295,0.12862854857425396,0.1288609681024123
44,0.1233021870534858,0.12454824004850557,0.12438612103808325,0.12409974904494711,0.1243140854302651
45,0.1260882932264246,0.12720931484886028,0.1270483837567876,0.12678692144318807,0.1269820493558711
46,0.12787928656792744,0.12889111507034492,0.12872398127750345,0.12849422512159264,0.1286645541546432
47,0.12199957974253195,0.12287358457984988,0.12269942197680253,0.12248848982420935,0.1226437291443992
48,0.11668167031298977,0.1174364701568445,0.11727791256654722,0.11709738074482681,0.11723285374562603
49,0.10784576057843123,0.10846625091113213,0.10830112220785729,0.108137050408291,0.10826282720353149
50,0.10494277440635509,0.10546143482591362,0.10530154480748805,0.10516240666489012,0.10527083128194413
51,0.10654976408924041,0.1070137420237016,0.10686186749222147,0.10674715782035694,0.10684800269468239
52,0.10691903029850185,0.10730133768654783,0.10713855676710235,0.10704095107790426,0.10714827202367778
53,0.11110560206348669,0.11149684458476278,0.11137052562935766,0.1113007212422483,0.11138400503680221
54,0.12741516570186262,0.12787013588359075,0.1277581105104923,0.12774254502792756,0.12779250405627232
55,0.13961487458855112,0.1400457793413831,0.13995278831190547,0.13994950895288258,0.1400061547923299
56,0.1540646955222366,0.1544670999084908,0.1543899290922609,0.15439535170624863,0.1544645732247127
57,0.17002342045623306,0.17042552670923347,0.1703647303281073,0.17039943258918724,0.17044992295177844
58,0.19821446112241645,0.19855259826541924,0.19851259535347823,0.1985571636132361,0.19860049279011982
59,0.2195593797005855,0.219817532489529,0.21979389950140593,0.2198386669121066,0.21991191761142953
60,0.2286315062895728,0.22875913069771817,0.2287497424471845,0.22879231982614615,0.2288386754710934
61,0.23607055945204863,0.23618431532855028,0.23617759201357735,0.23622603577363277,0.2362566149258008
62,0.23169635506224046,0.2318202605900392,0.23180729029678102,0.2318603431180921,0.23189160588377614
63,0.23686861191864328,0.23695563173423118,0.23690726039083942,0.2369606491154161,0.23700944543844465
64,0.22923679433944985,0.22939164434017265,0.22934020496408555,0.2293969079132239,0.22944119559879814
65,0.22093608085398217,0.22116524546136485,0.22110629875657717,0.22116632629503366,0.2212054656645703
66,0.21858586135650246,0.21881359219549143,0.21875078584460098,0.21881598277600714,0.21883395818024035
67,0.2154586795202537,0.21575173130354702,0.2156756680099299,0.21574172869114175,0.2157433592583952
68,0.22157662551286766,0.2219353825991669,0.2218778466264835,0.22196174270775956,0.22194809701571075
69,0.22900210803570567,0.22940372932876407,0.22934845745856386,0.2294536470497875,0.2294245375174498
70,0.23562941978815516,0.23614038015416486,0.23609468968120104,0.2362071850200094,0.23616821608022107
71,0.23534254761600287,0.2359647099221591,0.23593674488758523,0.2360599806786882,0.2360131475997339
72,0.23295054670087706,0.23369714513948367,0.2336821105906748,0.23380506917047258,0.233757403184712
73,0.24772424674229135,0.24857440759323535,0.2485634875104764,0.24868217205524562,0.24862592763720753
74,0.251156132349302,0.2520957161409259,0.2520827541682783,0.252198218630722,0.25214565980995185
75,0.2545918198345436,0.2555801742817501,0.25557264808159047,0.25567467167299424,0.2556532795807414
76,0.2566496770871967,0.25769216821221635,0.2576887525554022,0.25779002627827313,0.25777010970207287
77,0.29122739690673666,0.2923098503484797,0.29230782174779507,0.2924072857103094,0.2924071700164634
78,0.34274543523034795,0.3438109414716617,0.34381460632543936,0.3439049169859064,0.34393392354760643
79,0.3808657876315099,0.38196435822359487,0.38197711717833216,0.3820634068794777,0.38210241930802
80,0.6601239983725974,0.46657588534638467,0.46659569761075054,0.4666703312104078,0.46671988622104027
81,0.7373939733100504,0.5436455959406545,0.5436818668073898,0.5437380582399431,0.5437560061978162
82,0.7661872245478086,0.5724619815388063,0.5724999365503057,0.5725516733082207,0.5725722055832204
83,0.7826429942347751,0.5889026887860963,0.5889419179764991,0.5889764601009518,0.5890102699652303
84,0.7876885536570906,0.5939368673880869,0.5939780235864947,0.5940230828078483,0.5940444428656992
85,0.7683187880420602,0.5748212435439948,0.5748456050232471,0.5749216749193622,0.5749267744881185
86,0.7411386981888479,0.547715643208533,0.5477371048160663,0.5478231692564105,0.5478082350296749
87,0.31921848669555347,0.32036320062436124,0.3203842253783618,0.3204766833301854,0.32045011515050853
88,0.2980329934486468,0.29926205888650537,0.2992755333519492,0.29938467635036004,0.29935664961988007
89,0.276210258932744,0.2774493613528976,0.2774563507370505,0.27756434911646,0.2775684321748003
90,0.26913158698724204,0.2703758463832858,0.2703799601313438,0.27048797668927804,0.27055751401216704
91,0.3689290827734784,0.37013977528317177,0.3701435908871481,0.37024938634050697,0.37039421171329423
92,0.44405431660705846,0.4452171579870565,0.44522644321547195,0.445323839770895,0.4454819865127249
93,0.5248822329747727,0.5261290659733309,0.5261381618544894,0.5262356854771147,0.5262285996151495
94,0.5478811462645218,0.54902545290542,0.5490539146383803,0.5491134913371271,0.5491441833437805
95,0.5630346462174853,0.56409492730859,0.564129975860006,0.5641583665566465,0.564210218167815
96,0.5798422514113913,0.5807956193741178,0.5808363783440691,0.580854564360989,0.580913186260841
97,0.5763167444074819,0.5772243252317371,0.5772594668915413,0.5772838244678277,0.5773365555801121
98,0.5518164902255555,0.5526262193376741,0.5526630819564642,0.552691325502676,0.5527194857499778
99,0.42216187951002504,0.42249648863049954,0.42254659390792,0.4225641034676384,0.4225938985979396
100,0.38643330710406704,0.3863339251289824,0.3871705181526127,0.3862319497244227,0.3865082365229394
101,0.3589470977455987,0.3588397040010692,0.36044436902756516,0.3584871716867762,0.3590996692370945
102,0.3350797155991064,0.33428176907734297,0.3365973428442531,0.3337160398129855,0.33464953370817013
103,0.2338648740858207,0.23212896503689723,0.2353296088231603,0.23167985660169618,0.23264267088414592
104,0.24047567360133143,0.23783432470656435,0.241774276764172,0.23738503185243143,0.2383998622097934
105,0.2679649990038129,0.26431422445069036,0.26894292546033116,0.2638475421987843,0.2649530206494401
106,0.3000396712079335,0.29521704443464764,0.30063582391855115,0.29485517988612847,0.29588629458858207
107,0.3146423430514381,0.3090468885909268,0.3152265638374415,0.30874810409940473,0.30977758990801746
108,0.3171135392614128,0.31108993937967727,0.31778093183555894,0.31063560591848116,0.3118690205386386
109,0.3235256842265318,0.31702368935303,0.32423527349052667,0.31642023129663543,0.3178562595995762
110,0.3147881697171812,0.3080000993338554,0.31551626062704563,0.30731176719239056,0.30886369624460064
111,0.28434652805539806,0.2770725198718787,0.2849943154451312,0.27560658166684066,0.27809397330315316
112,0.27344028049407604,0.2658108932314388,0.2740045120587721,0.26300344908519396,0.26693643503340975
113,0.2566525632411957,0.248776244038796,0.2572352061272174,0.2446086198743321,0.25001730126508
114,0.24548089826528463,0.23714900416445717,0.246004408727556,0.23168932819090732,0.23849384771552493
115,0.23464508674967638,0.225781151642986,0.23500322321751504,0.2191340492994152,0.2272247383260858
116,0.22938472034864593,0.21992482639988586,0.2823718906360177,0.21206209077885513,0.22148017894612426
117,0.22540640999055217,0.21536852844210225,0.2781804709696419,0.20629667050860867,0.21703918594662044
118,0.26373189057923424,0.26291315780379976,0.2763465076079498,0.20289899316529195,0.2620746555091684
119,0.26772643940116697,0.2657671643969273,0.2796883191611014,0.2045665472079254,0.2651315133535424
120,0.2907357585402587,0.28129218188825006,0.2956651827121745,0.21881680541331577,0.28098546768139626
121,0.30344354405243396,0.29234023911542917,0.30712451641821764,0.22849709823979872,0.2923222952361128
122,0.32466503444259714,0.31131606770801307,0.3265010563077751,0.24603804836208024,0.31425655500272076
123,0.34879376560639724,0.3298191509051654,0.34332744870707604,0.26280828897972053,0.3310213834510553
124,0.3784957504094884,0.34584691856882743,0.3587340270302786,0.27679820375105524,0.34662812860011377
125,0.4097950542875727,0.352390555372249,0.368634547682709,0.28426520933350924,0.35611380286159355
126,0.7971806344189444,0.35759947264341085,0.43043426712254923,0.28755974564630876,0.36379748061032724
127,0.8314260930974404,0.36947312490482376,0.4436633978524497,0.3071344591892023,0.3750585383073165
128,0.8412828832740185,0.36403050413224297,0.43888578971776193,0.29267125054197146,0.37232292855598137
129,0.8386870647050476,0.36626328026886423,0.4412662054568236,0.2975389850282546,0.37398529483215653
130,0.8286524535657803,0.3870418136948312,0.4411346609494486,0.36208919299312803,0.39559275424447377
131,0.8001418550647483,0.3779689847236651,0.4305454837737837,0.35806854215516115,0.3850167666278632
132,0.6949328020497239,0.3806730097349895,0.39491735729133753,0.3609270035322379,0.38540542839696185
133,0.701414858317673,0.4564013876799269,0.46801607864221983,0.4365568477501621,0.46043568381351013
134,0.6979931534347996,0.46562942350646297,0.47548396706701346,0.44442748758730005,0.4678192313029533
135,0.505631689480733,0.4779939274481346,0.48707432448243176,0.45683825469442074,0.4799477684076752
136,0.5843261826799896,0.5663743438164658,0.5746519530309445,0.5452227719373637,0.568183292616665
137,0.5984748813263223,0.5837079597392774,0.5914803450504029,0.5627234400741332,0.5854585967520016
138,0.5984041533613489,0.5846294188726988,0.591886042203551,0.563798533383097,0.5863188142694904
139,0.6028863104772204,0.5902278574369662,0.5971575146450809,0.5694668346625493,0.5918688647710635
140,0.5904417339306096,0.5783655820088223,0.5849378613599674,0.5584252647879713,0.5799190771269307
141,0.5823680203641349,0.5717483245517322,0.5780441323789661,0.553169490581573,0.5732030708254726
142,0.42602435458431537,0.41596385729604934,0.4219496590525427,0.39873582331568713,0.4173183210172996
143,0.4117512519545634,0.4024871481466462,0.40806567888958784,0.3865494626776642,0.4037419026136451
144,0.4058555233596913,0.397132413899505,0.40235238485234665,0.38238733710833606,0.3983004480418542
145,0.3964076914458437,0.3883822914295186,0.39324596619774826,0.3748653254378296,0.3894590865103865
146,0.4720220416240853,0.46615985253658576,0.47066553320905835,0.4538485009622823,0.4671475912425198
147,0.5264853414420948,0.5230548922854751,0.5271785110906563,0.511884812788572,0.5238995844382152
148,0.5304426651545315,0.5216214031572602,0.531244204516409,0.5115955101575702,0.5223675221116643
149,0.5329357224455296,0.5248258939417377,0.5339632795049853,0.5159642835746993,0.5254732948568747
150,0.5338848704791191,0.5264735522415543,0.5351584590583809,0.5188559689525164,0.5270384469865311
151,0.5380190741108503,0.5312805852496818,0.5394973867620568,0.5249291069270732,0.5317534070772127
152,0.46734989064296895,0.4794307651338124,0.475142582163592,0.4742257275735456,0.47982671344792627
153,0.6154482713130225,0.6278607148016114,0.623382311562789,0.6240066081015834,0.6281802346427753
154,0.6365913184132669,0.6496036418605569,0.6446282629104767,0.6469305217143173,0.6498478867784608
155,0.6579860201448513,0.6716052640424177,0.6661311857362614,0.6701127146392327,0.6717718903934671
156,0.6658438101172796,0.6800827196860768,0.6741113323917198,0.6796974773857942,0.6801822357031667
157,0.6624881773604544,0.6768242462509567,0.6707689945173085,0.6769065114784026,0.6768405940213738
158,0.6570894661797491,0.6713688568997909,0.6653145574796236,0.6714558363854599,0.6713870533078782
159,0.5512287653934593,0.5654511616392914,0.5593977722116061,0.5655426450306298,0.5654711570992779
160,0.5449256675254283,0.5578300259188861,0.5523968107672285,0.5579226149823583,0.5578516222704979
161,0.45335584766656867,0.4551945915860087,0.4552070903747358,0.45529187715560365,0.4552153292412212
162,0.44547075985095586,0.4472615086261653,0.4472763463607877,0.4473650816782082,0.4472850759977631
163,0.4349615999311528,0.43669890905742736,0.4367187894038896,0.43680470753023637,0.43672391587221926
164,0.37113347823077625,0.37282224939952957,0.37283238771783966,0.37293794961484616,0.372855557618336
165,0.36536233748411584,0.3670554202766116,0.3670641561068815,0.3671701646955962,0.3670879443683644
166,0.3231364705937884,0.3249195761236346,0.3249166506140363,0.32502722454009486,0.32495160996788935
167,0.3113160613669847,0.31315703179113213,0.3131392877519802,0.3132576709781167,0.31319119178615945
168,0.3055056929136902,0.3073834700482621,0.30735724708309314,0.30746745043292767,0.3074153654249599
169,0.313509646065824,0.31541810401816917,0.3153989021448999,0.31550479539877796,0.3154536323989791
170,0.3159613057034078,0.31788460282072667,0.3178640605520085,0.31797050112040093,0.3179242778975552
171,0.29227387559315476,0.29419594496830526,0.2941724767527664,0.29427880674225354,0.2942415566272715
172,0.27714504942008533,0.2790740197905303,0.27904835666722916,0.2791544072449164,0.27911631397710657
173,0.26553908109718904,0.267468007861163,0.26743183379942154,0.26753852032508896,0.26750665749092184
174,0.25643149139806415,0.2583263334436701,0.2582744654223219,0.2583829245944904,0.2583662779298169
175,0.24096597124432248,0.2428285201085187,0.2427563895145107,0.24287415314923158,0.2428671788554824
176,0.23735008805182206,0.2391592003971163,0.23907141348952762,0.23918744621729024,0.2392048429893676
177,0.24916729763614884,0.250894277493574,0.2508048154996265,0.2509108766786926,0.25094720708145885
178,0.2683147719519483,0.2698746234751887,0.26986101006000945,0.2699522829865906,0.26993623370508063
179,0.28063887763471634,0.2821782121296574,0.28218548772399343,0.28227849106661884,0.2822384733690041
180,0.2926571989293806,0.2940836561856444,0.29410215191381556,0.29419128613457507,0.2941479398375995
181,0.28930660500677524,0.29072073985470853,0.29074626743337456,0.29084698206903686,0.29078376540288337
182,0.2962811621388613,0.29772000243902236,0.2977258948884057,0.2978276358999821,0.2977636491333948
183,0.2867639295294161,0.28820317378701926,0.2882089772390327,0.28831326723459344,0.2882491307059873
184,0.2855918192607153,0.2870588840134631,0.2870736701151126,0.2871742450177111,0.28710382640059695
185,0.2743708845309595,0.27583468487656637,0.27584776974542574,0.27595051434202245,0.27587879518954067
186,0.2620947242602555,0.26357927648366164,0.2635965697482003,0.2637025030209777,0.26362607352780953
187,0.2675878211362476,0.2690314038395703,0.2690461495954158,0.2691505127140275,0.2690730376945685
188,0.46323121857978516,0.46463681423959763,0.46465460964934463,0.4647535107143745,0.4646785730526516
189,0.484095589658996,0.48535645606400435,0.48537519338358737,0.485470020829204,0.48539600957850093
190,0.5212419988281937,0.5225081941299172,0.522535742696571,0.5226265022133759,0.5225483295050463
191,0.5688240397876689,0.570125202840897,0.5701592870936154,0.570245125358725,0.5701645468204878
192,0.5872638706279443,0.5885331782414744,0.5885637644377264,0.5886491732032677,0.5885689927425426
193,0.5955936232700011,0.5968268098913392,0.5968550318964934,0.5969410049093956,0.5968603000625832
194,0.528834449437183,0.5300631943238016,0.5300915825919568,0.5301803682993387,0.5300974059589176
195,0.5169203085518521,0.5181369079507915,0.5181652535115477,0.5182478567027801,0.5181716091616654
196,0.49196156907890004,0.49319150773003795,0.4932199718516997,0.49330122259609693,0.49322278997064284
197,0.2639153940763904,0.26483713197054365,0.2648206649439198,0.2649222758739087,0.2648500716186136
198,0.23016414974315033,0.23105660278402254,0.23105901986217306,0.2311793721556953,0.23110000445385237
199,0.18977205207236977,0.19075605334416576,0.19076747564034433,0.19089383624430045,0.19082230782959675
200,0.20521089957718186,0.20618121490270688,0.20619012559692176,0.2063141493420172,0.20627585026793202
201,0.3904486290082134,0.390629871751822,0.3906553179094337,0.39074133652183846,0.3907510462979608
202,0.4196637657811983,0.4201093358219657,0.4201483897210084,0.42024326840472814,0.4201962536705605
203,0.43474604090192687,0.43517962415999295,0.43522157573608544,0.4353106398019857,0.43526520685396564
204,0.4575569799607582,0.45796715321113607,0.4580066263870179,0.45809828525014756,0.4580555604850017
205,0.46407831523356624,0.4644644072882962,0.4645130342662449,0.4646026740299086,0.46455937183391627
206,0.4553498562673918,0.455748933568651,0.45579525436654716,0.4558960538460178,0.45585628073748086
207,0.42126194463069977,0.42158637237023944,0.42162483111385796,0.4217344003456186,0.42169719972077246
208,0.2398139539552295,0.24078343250336212,0.24081641828439707,0.24094489679491754,0.2408741745208705
209,0.2301854270561337,0.23127312300987443,0.23130313341190362,0.23143541271907547,0.23135862830650603
210,0.20563762321024712,0.20689217975010307,0.20690540240616864,0.20703879499956446,0.20698724096132917
211,0.23430395916833915,0.23550711083859702,0.235517175436057,0.23564122068731866,0.2355860433633076
212,0.2626445803073234,0.2636797066040811,0.26368980902714484,0.2637957722743022,0.2637456660726982
213,0.39949448864213266,0.4113969430447251,0.40584171021477544,0.41153620176474953,0.41147314574424454
214,0.45982556130238394,0.4718907877585311,0.4663365938815674,0.47202636961500116,0.47196503482541474
215,0.4693544591014303,0.48143300357748375,0.4758810122696199,0.4815653340050888,0.48150632031740975
216,0.46665089157568007,0.478699170177174,0.47315411572253324,0.4788301293226374,0.4787726863701823
217,0.4536863947438507,0.4660235973891082,0.46047282474685103,0.46615217372756834,0.466092418567002
218,0.4369004258677199,0.44937545304290777,0.44381482309341413,0.44949690351626354,0.44944118756621837
219,0.44098877925855046,0.4535561954175655,0.44799200056650557,0.4536724185800443,0.45363767640098296
220,0.42122963138438385,0.4339961761438046,0.42843318073200193,0.4341049698890781,0.43411442261497385
221,0.42837254846079614,0.4413282898415521,0.43575716777467355,0.4414344716544795,0.4414663387336977
222,0.4497650356714614,0.4628011094418108,0.45721992790737015,0.46291420515095244,0.46292804110784597
223,0.45904523765109945,0.4721670632003177,0.4665824213812387,0.4722744831779531,0.4722887046003452
224,0.4603136922436311,0.47350915768585294,0.4679210182784719,0.4736212788243702,0.47362619108901066
225,0.364381171773918,0.3776767502204591,0.37207364179802865,0.3777858703887755,0.37777783586689506
226,0.3545330069302874,0.3679161199801125,0.36230560028848696,0.3680166334212254,0.36800110873463365
227,0.31369027509400116,0.3271701917473145,0.3215493867271539,0.32726171527579584,0.3272312046460495
228,0.4190059806363134,0.43248461426706775,0.42686163183575854,0.4325688842175025,0.43254207864970573
229,0.4349962369172151,0.4483777114912743,0.44276434190577296,0.4484623212132675,0.44843785967722816
230,0.4438168226710733,0.4571859307236256,0.4515693670138521,0.45726420508950266,0.45724965514313815
231,0.4550420834501737,0.46843152370616437,0.4628068818868797,0.46850646166780524,0.46848635868448285
232,0.463411699572945,0.47686721533253995,0.47124195426438303,0.4769435920597621,0.47692181443872583
233,0.46724960650359826,0.48074170674963007,0.47511506587250496,0.4808134474888776,0.48079204169147366
234,0.4543827917018871,0.46808411294515095,0.4624330474841451,0.46813927600840366,0.46812304369115865
235,0.4265073811554466,0.44031610228310375,0.43465383993064427,0.4403564264392733,0.44035041435811173
236,0.39901371904933364,0.40151868410514135,0.40147081564359227,0.4015613861746376,0.40154370701193004
237,0.3960970924370768,0.398641453147346,0.3985963666030543,0.39868611713311986,0.39866233518454897
238,0.3201511614020859,0.32274137179341394,0.32270254073476357,0.32279636954697705,0.3227760880988578
239,0.3736571099402314,0.3762462264772327,0.3762147774800663,0.37630783190942635,0.37627795234754213
240,0.40354202822868235,0.4061138813759404,0.40608688328351994,0.40617298895816817,0.4061754279155075
241,0.4083134049003771,0.4107875448373387,0.41076372410888573,0.41083525641460084,0.41089724226258806
242,0.3995903303213538,0.4020633610552161,0.40204109678475347,0.402115221069948,0.4021715270940799
243,0.4043803006481768,0.40683089776763204,0.40680796242413697,0.40688937151175836,0.40691843736969746
244,0.4086567773129636,0.411091256232347,0.41105349479850267,0.41114027943322345,0.4111575192906951
245,0.4044183528312083,0.406851141720478,0.40680978287942643,0.40690712421434466,0.4068895701905372
246,0.37165805180637007,0.3740601291556906,0.37401872228155847,0.3741186749917041,0.37409874193246667
247,0.5397996475673955,0.5421414229517044,0.5421049740554857,0.542201063412425,0.5422022948530794
248,0.5550866303596294,0.5573724183820788,0.5573393022320129,0.5574333838852998,0.5574386440998705
249,0.5546228462791056,0.5568552237299631,0.5568233130183323,0.5569177491607068,0.5569293895806531
250,0.5554878177729338,0.5576584074859398,0.557626971712285,0.5577228112923358,0.5577373373656803
251,0.5515480419152515,0.5536452946569541,0.5536150564518812,0.5537052475020896,0.5537319642175305
252,0.5348178105534958,0.5368584285752397,0.5368279849598772,0.5369247521448753,0.5369537475773499
253,0.34226029004875314,0.3442168157712025,0.34420606403923315,0.344307296788472,0.34432976092111467
254,0.3372266804193596,0.3392630930153959,0.3392610792990127,0.33936690385797336,0.3393393251964232
255,0.3494738213864552,0.351502944225289,0.35149705979540125,0.35160557337306736,0.35155393436565374
256,0.3577800249904133,0.3597661737956645,0.35976325118418245,0.35987285464107516,0.3598198058709506
257,0.35169004710899004,0.3536240209409088,0.3536227463271631,0.3537350621889888,0.3536729575718905
258,0.35945621403593536,0.3613320671045703,0.36133394548815756,0.36144589772338936,0.36138058750041774
259,0.3837656501397302,0.3855593944728426,0.38556316206355445,0.3856733497113747,0.38561293768765853
260,0.37988276484478695,0.381619821438765,0.38162472688265725,0.3817366836569744,0.3816750306412895
261,0.37082004134325053,0.3725074213224979,0.3725129507563608,0.3726277161973266,0.3725632932003531
262,0.35263132854533347,0.3542719753424851,0.3542781099427603,0.3543969112631907,0.3543282527061073
263,0.3384387334957241,0.3400794047586358,0.34008471685046576,0.34021054044593535,0.3401316963492334
264,0.32810014037038204,0.32972367614133175,0.32972930892233904,0.32986165225667147,0.32977572043052644
265,0.306938534402476,0.30853742578686516,0.3085439794056342,0.30868240268912683,0.30859024634514365
266,0.3246874087609652,0.326251321075914,0.32625859277973324,0.32639755035274515,0.32631863252368737
267,0.3191397153420757,0.3206697470184603,0.3206765942822595,0.3208176357930833,0.3207516044298851
268,0.32273260923373565,0.3242339705353302,0.3242410313082963,0.32438311369901285,0.3243276561890631
269,0.40428475677165043,0.40576177942933667,0.405770842309307,0.40591082831434727,0.4058478792536365
270,0.40502306661645116,0.4064829662780833,0.4064917901894661,0.4066322115035765,0.40655950968189725
271,0.40369705434556247,0.4051210402267141,0.40513047325170043,0.40527064919484546,0.4051941325453173
272,0.41509677576591497,0.41645977499542897,0.41646739842267055,0.4166048020146981,0.4165250874435707
273,0.4200732604856036,0.4213811642294898,0.42138588319065085,0.42152237616126986,0.42144218467749495
274,0.4187747025058021,0.42007378323300754,0.4200790556005791,0.4202161097742049,0.42013289145527594
275,0.3170615851778328,0.3183466502050445,0.31835157597533204,0.31849054141017097,0.31840562920404875
276,0.31283704447358035,0.3140902769833733,0.31409570253271535,0.3142351607625245,0.31415598310140563
277,0.31059382506002403,0.3118182191932161,0.31182367442005066,0.31196408370308853,0.3118880793791388
278,0.30469359835496684,0.30587472192766924,0.30587994130036145,0.3060197421653401,0.30595449171039246
279,0.3016225992067989,0.3027599398195632,0.3027658676506221,0.3029064856521988,0.30284093618355845
280,0.30498756706013747,0.3060943782371231,0.30610142098378856,0.30624099180377784,0.30617500013949195
281,0.3027783464822911,0.30388424463688474,0.3038906480708158,0.3040302770624186,0.303968594535517
282,0.2976997409112402,0.29879975293798644,0.29880659992424863,0.2989466501365347,0.29888544958429253
283,0.28318594286503396,0.2842750588896624,0.28427992095813415,0.28442234329691457,0.2843682082562556
284,0.26847201487409483,0.2695695213812537,0.26957632907327256,0.26972329061088524,0.2696660236415468
285,0.25764851336961425,0.2587387625987977,0.25874552720755445,0.25889601946641116,0.25883372232891105
286,0.24042724087662656,0.24153833492740426,0.24154694580044367,0.24170369564185687,0.2416259910868725
287,0.2279241498217849,0.22903854207887908,0.22904941492225675,0.22921594628744404,0.22911816714016234
288,0.20719064749492955,0.20806158740280328,0.2080842203257024,0.20825002560153577,0.20813874268009652
289,0.21968280470712204,0.22004341242860284,0.22007533695707243,0.22022897314170492,0.22012544474806406
290,0.230600696343789,0.23101934922751133,0.23104752786242683,0.2312008814891487,0.23111203003064063
291,0.23456678871496367,0.23500224254524055,0.23502894824326415,0.23518173563615508,0.2350953409159765
292,0.23824824514639048,0.23874576156798732,0.23877067908431104,0.23892139047251698,0.23883777627712904
293,0.22873295884893405,0.22937149577914664,0.22939246224984314,0.2295472997914642,0.22946951970505763
